{
	"0":{
		"tf":[0, 0.075, 0.08],
	},
	"1":{
		"tf":[-0.0495, 0.0625, 0.03],
	},
	"2":{
		"tf":[-0.057175, 0.061375, 0.02],
	},
	"3": {
		"tf":[0.0, -0.03, 0.005],
	},
	"4":{
		"tf":[-0.057175, 0.061375, 0.02],
	},
	"8":{
		"tf":[-0.057175, 0.061375, 0.02],
	},
}
